"Longitude (x)","Latitude (y)","Station Name","Climate ID","Date/Time","Year","Month","Day","Data Quality","Max Temp (°C)","Max Temp Flag","Min Temp (°C)","Min Temp Flag","Mean Temp (°C)","Mean Temp Flag","Heat Deg Days (°C)","Heat Deg Days Flag","Cool Deg Days (°C)","Cool Deg Days Flag","Total Rain (mm)","Total Rain Flag","Total Snow (cm)","Total Snow Flag","Total Precip (mm)","Total Precip Flag","Snow on Grnd (cm)","Snow on Grnd Flag","Dir of Max Gust (10s deg)","Dir of Max Gust Flag","Spd of Max Gust (km/h)","Spd of Max Gust Flag"
"-106.72","52.17","SASKATOON RCS","4057165","2020-01-01","2020","01","01","","-3.9","","-12.3","","-8.1","","26.1","","0.0","","","","","","0.0","","8","","","","",""
"-106.72","52.17","SASKATOON RCS","4057165","2020-01-02","2020","01","02","","-2.0","","-10.7","","-6.4","","24.4","","0.0","","","","","","0.0","","8","","28","","35",""
"-106.72","52.17","SASKATOON RCS","4057165","2020-01-03","2020","01","03","","-4.5","","-12.0","","-8.2","","26.2","","0.0","","","","","","0.0","","9","","29","","31",""
"-106.72","52.17","SASKATOON RCS","4057165","2020-01-04","2020","01","04","","2.5","","-7.9","","-2.7","","20.7","","0.0","","","","","","0.0","","9","","32","","47",""
"-106.72","52.17","SASKATOON RCS","4057165","2020-01-05","2020","01","05","","-3.6","","-13.6","","-8.6","","26.6","","0.0","","","","","","0.0","","9","","30","","43",""
"-106.72","52.17","SASKATOON RCS","4057165","2020-01-06","2020","01","06","","-3.7","","-24.0","","-13.8","","31.8","","0.0","","","","","","0.0","","9","","30","","63",""
"-106.72","52.17","SASKATOON RCS","4057165","2020-01-07","2020","01","07","","-20.7","","-30.2","","-25.5","","43.5","","0.0","","","","","","0.2","","9","","","","",""
"-106.72","52.17","SASKATOON RCS","4057165","2020-01-08","2020","01","08","","-11.2","","-20.8","","-16.0","","34.0","","0.0","","","","","","0.7","","10","","12","","52",""
"-106.72","52.17","SASKATOON RCS","4057165","2020-01-09","2020","01","09","","-17.6","","-30.6","","-24.1","","42.1","","0.0","","","","","","0.2","","13","","31","","38",""
"-106.72","52.17","SASKATOON RCS","4057165","2020-01-10","2020","01","10","","-19.9","","-33.2","","-26.5","","44.5","","0.0","","","","","","0.0","","12","","","","",""
"-106.72","52.17","SASKATOON RCS","4057165","2020-01-11","2020","01","11","","-11.9","","-20.0","","-16.0","","34.0","","0.0","","","","","","1.1","","12","","10","","31",""
"-106.72","52.17","SASKATOON RCS","4057165","2020-01-12","2020","01","12","","-13.6","","-28.6","","-21.1","","39.1","","0.0","","","","","","0.9","","17","","30","","47",""
"-106.72","52.17","SASKATOON RCS","4057165","2020-01-13","2020","01","13","","-24.7","","-31.3","","-28.0","","46.0","","0.0","","","","","","0.2","","8","","","","",""
"-106.72","52.17","SASKATOON RCS","4057165","2020-01-14","2020","01","14","","-25.3","","-35.4","","-30.4","","48.4","","0.0","","","","","","0.2","","9","","","","",""
"-106.72","52.17","SASKATOON RCS","4057165","2020-01-15","2020","01","15","","-29.4","","-38.9","","-34.2","","52.2","","0.0","","","","","","0.0","","9","","","","",""
"-106.72","52.17","SASKATOON RCS","4057165","2020-01-16","2020","01","16","","-20.0","","-39.3","","-29.6","","47.6","","0.0","","","","","","0.0","","9","","10","","39",""
"-106.72","52.17","SASKATOON RCS","4057165","2020-01-17","2020","01","17","","-19.1","","-22.1","","-20.6","","38.6","","0.0","","","","","","1.8","","9","","31","","43",""
"-106.72","52.17","SASKATOON RCS","4057165","2020-01-18","2020","01","18","","-22.1","","-28.7","","-25.4","","43.4","","0.0","","","","","","0.4","","15","","31","","39",""
"-106.72","52.17","SASKATOON RCS","4057165","2020-01-19","2020","01","19","","-19.5","","-31.0","","-25.3","","43.3","","0.0","","","","","","0.0","","14","","","","",""
"-106.72","52.17","SASKATOON RCS","4057165","2020-01-20","2020","01","20","","-2.1","","-20.8","","-11.5","","29.5","","0.0","","","","","","0.0","","14","","","","",""
"-106.72","52.17","SASKATOON RCS","4057165","2020-01-21","2020","01","21","","-0.3","","-15.2","","-7.8","","25.8","","0.0","","","","","","0.0","","14","","","","",""
"-106.72","52.17","SASKATOON RCS","4057165","2020-01-22","2020","01","22","","-4.3","","-16.6","","-10.5","","28.5","","0.0","","","","","","0.0","","13","","","","",""
"-106.72","52.17","SASKATOON RCS","4057165","2020-01-23","2020","01","23","","-3.5","","-9.4","","-6.5","","24.5","","0.0","","","","","","0.0","","13","","","","",""
"-106.72","52.17","SASKATOON RCS","4057165","2020-01-24","2020","01","24","","-0.5","","-6.7","","-3.6","","21.6","","0.0","","","","","","0.0","","13","","15","","32",""
"-106.72","52.17","SASKATOON RCS","4057165","2020-01-25","2020","01","25","","-1.9","","-5.3","","-3.6","","21.6","","0.0","","","","","","0.0","","13","","4","","32",""
"-106.72","52.17","SASKATOON RCS","4057165","2020-01-26","2020","01","26","","-3.0","","-9.9","","-6.5","","24.5","","0.0","","","","","","0.0","","13","","","","",""
"-106.72","52.17","SASKATOON RCS","4057165","2020-01-27","2020","01","27","","-3.4","","-8.8","","-6.1","","24.1","","0.0","","","","","","0.0","","12","","","","",""
"-106.72","52.17","SASKATOON RCS","4057165","2020-01-28","2020","01","28","","-1.6","","-3.8","","-2.7","","20.7","","0.0","","","","","","0.0","","12","","","","",""
"-106.72","52.17","SASKATOON RCS","4057165","2020-01-29","2020","01","29","","-3.6","","-8.5","","-6.1","","24.1","","0.0","","","","","","0.0","","13","","","","",""
"-106.72","52.17","SASKATOON RCS","4057165","2020-01-30","2020","01","30","","-1.4","","-11.7","","-6.5","","24.5","","0.0","","","","","","2.6","","15","","30","","32",""
"-106.72","52.17","SASKATOON RCS","4057165","2020-01-31","2020","01","31","","2.4","","-10.1","","-3.8","","21.8","","0.0","","","","","","0.0","","15","","29","","44",""
"-106.72","52.17","SASKATOON RCS","4057165","2020-02-01","2020","02","01","","4.1","","-7.5","","-1.7","","19.7","","0.0","","","","","","0.0","","13","","31","","49",""
"-106.72","52.17","SASKATOON RCS","4057165","2020-02-02","2020","02","02","","0.2","","-17.5","","-8.6","","26.6","","0.0","","","","","","0.0","","12","","28","","65",""
"-106.72","52.17","SASKATOON RCS","4057165","2020-02-03","2020","02","03","","-13.6","","-24.3","","-18.9","","36.9","","0.0","","","","","","0.0","","12","","29","","31",""
"-106.72","52.17","SASKATOON RCS","4057165","2020-02-04","2020","02","04","","-7.8","","-23.4","","-15.6","","33.6","","0.0","","","","","","0.0","","12","","23","","38",""
"-106.72","52.17","SASKATOON RCS","4057165","2020-02-05","2020","02","05","","-8.0","","-14.8","","-11.4","","29.4","","0.0","","","","","","0.0","","12","","","","",""
"-106.72","52.17","SASKATOON RCS","4057165","2020-02-06","2020","02","06","","-13.8","","-17.9","","-15.9","","33.9","","0.0","","","","","","0.0","","12","","6","","31",""
"-106.72","52.17","SASKATOON RCS","4057165","2020-02-07","2020","02","07","","-3.7","","-14.7","","-9.2","","27.2","","0.0","","","","","","0.2","","13","","","","",""
"-106.72","52.17","SASKATOON RCS","4057165","2020-02-08","2020","02","08","","-4.7","","-16.3","","-10.5","","28.5","","0.0","","","","","","0.0","","12","","","","",""
"-106.72","52.17","SASKATOON RCS","4057165","2020-02-09","2020","02","09","","-4.9","","-17.2","","-11.1","","29.1","","0.0","","","","","","0.0","","12","","22","","41",""
"-106.72","52.17","SASKATOON RCS","4057165","2020-02-10","2020","02","10","","-4.4","","-13.4","","-8.9","","26.9","","0.0","","","","","","0.0","","12","","29","","36",""
"-106.72","52.17","SASKATOON RCS","4057165","2020-02-11","2020","02","11","","-3.5","","-19.6","","-11.6","","29.6","","0.0","","","","","","0.0","","12","","6","","56",""
"-106.72","52.17","SASKATOON RCS","4057165","2020-02-12","2020","02","12","","-19.6","","-34.2","","-26.9","","44.9","","0.0","","","","","","0.2","","12","","3","","36",""
"-106.72","52.17","SASKATOON RCS","4057165","2020-02-13","2020","02","13","","-8.0","","-29.7","","-18.9","","36.9","","0.0","","","","","","0.0","","12","","16","","47",""
"-106.72","52.17","SASKATOON RCS","4057165","2020-02-14","2020","02","14","","-5.1","","-14.8","","-9.9","","27.9","","0.0","","","","","","0.0","","12","","30","","46",""
"-106.72","52.17","SASKATOON RCS","4057165","2020-02-15","2020","02","15","","-14.7","","-27.3","","-21.0","","39.0","","0.0","","","","","","0.0","","12","","31","","34",""
"-106.72","52.17","SASKATOON RCS","4057165","2020-02-16","2020","02","16","","-9.8","","-15.3","","-12.5","","30.5","","0.0","","","","","","0.2","","12","","","","",""
"-106.72","52.17","SASKATOON RCS","4057165","2020-02-17","2020","02","17","","-12.5","","-28.2","","-20.3","","38.3","","0.0","","","","","","0.4","","13","","32","","32",""
"-106.72","52.17","SASKATOON RCS","4057165","2020-02-18","2020","02","18","","-20.0","","-34.0","","-27.0","","45.0","","0.0","","","","","","0.0","","12","","","M","","M"
"-106.72","52.17","SASKATOON RCS","4057165","2020-02-19","2020","02","19","","-11.6","","-30.5","","-21.1","","39.1","","0.0","","","","","","0.0","","12","","","","",""
"-106.72","52.17","SASKATOON RCS","4057165","2020-02-20","2020","02","20","","0.7","","-16.1","","-7.7","","25.7","","0.0","","","","","","0.0","","12","","21","","48",""
"-106.72","52.17","SASKATOON RCS","4057165","2020-02-21","2020","02","21","","-1.8","","-14.7","","-8.2","","26.2","","0.0","","","","","","0.0","","11","","21","","43",""
"-106.72","52.17","SASKATOON RCS","4057165","2020-02-22","2020","02","22","","0.1","","-11.6","","-5.7","","23.7","","0.0","","","","","","0.0","","12","","29","","41",""
"-106.72","52.17","SASKATOON RCS","4057165","2020-02-23","2020","02","23","","-3.2","","-15.4","","-9.3","","27.3","","0.0","","","","","","0.0","","12","","22","","33",""
"-106.72","52.17","SASKATOON RCS","4057165","2020-02-24","2020","02","24","","-6.0","","-20.3","","-13.1","","31.1","","0.0","","","","","","0.0","","12","","","","",""
"-106.72","52.17","SASKATOON RCS","4057165","2020-02-25","2020","02","25","","-7.0","","-21.7","","-14.4","","32.4","","0.0","","","","","","0.0","","12","","","","",""
"-106.72","52.17","SASKATOON RCS","4057165","2020-02-26","2020","02","26","","-3.0","","-14.2","","-8.6","","26.6","","0.0","","","","","","0.0","","12","","","","",""
"-106.72","52.17","SASKATOON RCS","4057165","2020-02-27","2020","02","27","","1.5","","-15.7","","-7.1","","25.1","","0.0","","","","","","0.0","","11","","","","",""
"-106.72","52.17","SASKATOON RCS","4057165","2020-02-28","2020","02","28","","2.5","","-10.8","","-4.1","","22.1","","0.0","","","","","","0.0","","11","","","","",""
"-106.72","52.17","SASKATOON RCS","4057165","2020-02-29","2020","02","29","","5.3","","-7.7","","-1.2","","19.2","","0.0","","","","","","0.5","","11","","1","","70",""
"-106.72","52.17","SASKATOON RCS","4057165","2020-03-01","2020","03","01","","-3.5","","-11.8","","-7.6","","25.6","","0.0","","","","","","0.5","","8","","1","","73",""
"-106.72","52.17","SASKATOON RCS","4057165","2020-03-02","2020","03","02","","2.3","","-6.1","","-1.9","","19.9","","0.0","","","","","","0.8","","8","","30","","49",""
"-106.72","52.17","SASKATOON RCS","4057165","2020-03-03","2020","03","03","","2.0","","-11.0","","-4.5","","22.5","","0.0","","","","","","0.2","","7","","","","",""
"-106.72","52.17","SASKATOON RCS","4057165","2020-03-04","2020","03","04","","2.8","","-4.2","","-0.7","","18.7","","0.0","","","","","","1.5","","7","","35","","48",""
"-106.72","52.17","SASKATOON RCS","4057165","2020-03-05","2020","03","05","","1.3","","-11.4","","-5.0","","23.0","","0.0","","","","","","0.0","","8","","17","","44",""
"-106.72","52.17","SASKATOON RCS","4057165","2020-03-06","2020","03","06","","5.6","","-4.4","","0.6","","17.4","","0.0","","","","","","0.0","","8","","18","","46",""
"-106.72","52.17","SASKATOON RCS","4057165","2020-03-07","2020","03","07","","-4.4","","-15.6","","-10.0","","28.0","","0.0","","","","","","0.9","","7","","5","","59",""
"-106.72","52.17","SASKATOON RCS","4057165","2020-03-08","2020","03","08","","-12.4","","-19.7","","-16.1","","34.1","","0.0","","","","","","0.0","","7","","6","","39",""
"-106.72","52.17","SASKATOON RCS","4057165","2020-03-09","2020","03","09","","-2.6","","-22.5","","-12.6","","30.6","","0.0","","","","","","0.2","","7","","22","","34",""
"-106.72","52.17","SASKATOON RCS","4057165","2020-03-10","2020","03","10","","3.9","","-15.0","","-5.6","","23.6","","0.0","","","","","","0.0","","7","","19","","32",""
"-106.72","52.17","SASKATOON RCS","4057165","2020-03-11","2020","03","11","","2.0","","-8.0","","-3.0","","21.0","","0.0","","","","","","0.0","","7","","31","","48",""
"-106.72","52.17","SASKATOON RCS","4057165","2020-03-12","2020","03","12","","-6.0","","-14.8","","-10.4","","28.4","","0.0","","","","","","0.0","","5","","31","","39",""
"-106.72","52.17","SASKATOON RCS","4057165","2020-03-13","2020","03","13","","-11.6","","-20.8","","-16.2","","34.2","","0.0","","","","","","0.0","","5","","36","","41",""
"-106.72","52.17","SASKATOON RCS","4057165","2020-03-14","2020","03","14","","-12.0","","-19.2","","-15.6","","33.6","","0.0","","","","","","0.0","","4","","6","","43",""
"-106.72","52.17","SASKATOON RCS","4057165","2020-03-15","2020","03","15","","-10.6","","-19.7","","-15.2","","33.2","","0.0","","","","","","1.4","","10","","","","",""
"-106.72","52.17","SASKATOON RCS","4057165","2020-03-16","2020","03","16","","-3.0","","-24.2","","-13.6","","31.6","","0.0","","","","","","0.0","","8","","26","","47",""
"-106.72","52.17","SASKATOON RCS","4057165","2020-03-17","2020","03","17","","-7.3","","-19.6","","-13.4","","31.4","","0.0","","","","","","0.0","","6","","5","","43",""
"-106.72","52.17","SASKATOON RCS","4057165","2020-03-18","2020","03","18","","-9.0","","-23.8","","-16.4","","34.4","","0.0","","","","","","0.0","","6","","","","",""
"-106.72","52.17","SASKATOON RCS","4057165","2020-03-19","2020","03","19","","-9.3","","-23.4","","-16.4","","34.4","","0.0","","","","","","0.0","","5","","","","",""
"-106.72","52.17","SASKATOON RCS","4057165","2020-03-20","2020","03","20","","-1.6","","-19.4","","-10.5","","28.5","","0.0","","","","","","0.0","","6","","17","","36",""
"-106.72","52.17","SASKATOON RCS","4057165","2020-03-21","2020","03","21","","0.5","","-11.1","","-5.3","","23.3","","0.0","","","","","","0.0","","5","","","","",""
"-106.72","52.17","SASKATOON RCS","4057165","2020-03-22","2020","03","22","","2.8","","-15.3","","-6.3","","24.3","","0.0","","","","","","0.0","","3","","","","",""
"-106.72","52.17","SASKATOON RCS","4057165","2020-03-23","2020","03","23","","-0.1","","-9.8","","-5.0","","23.0","","0.0","","","","","","0.0","","0","","5","","50",""
"-106.72","52.17","SASKATOON RCS","4057165","2020-03-24","2020","03","24","","-2.6","","-11.9","","-7.2","","25.2","","0.0","","","","","","1.0","","","","4","","53",""
"-106.72","52.17","SASKATOON RCS","4057165","2020-03-25","2020","03","25","","-2.2","","-15.1","","-8.7","","26.7","","0.0","","","","","","0.2","","","","","","",""
"-106.72","52.17","SASKATOON RCS","4057165","2020-03-26","2020","03","26","","3.1","","-16.5","","-6.7","","24.7","","0.0","","","","","","0.0","","","","18","","34",""
"-106.72","52.17","SASKATOON RCS","4057165","2020-03-27","2020","03","27","","5.0","","-7.8","","-1.4","","19.4","","0.0","","","","","","0.0","","","","30","","37",""
"-106.72","52.17","SASKATOON RCS","4057165","2020-03-28","2020","03","28","","3.6","","-6.0","","-1.2","","19.2","","0.0","","","","","","0.0","","","","18","","33",""
"-106.72","52.17","SASKATOON RCS","4057165","2020-03-29","2020","03","29","","10.2","","-6.7","","1.8","","16.2","","0.0","","","","","","0.0","","","","10","","37",""
"-106.72","52.17","SASKATOON RCS","4057165","2020-03-30","2020","03","30","","3.7","","-6.4","","-1.4","","19.4","","0.0","","","","","","0.0","","","","6","","35",""
"-106.72","52.17","SASKATOON RCS","4057165","2020-03-31","2020","03","31","","-5.1","","-16.4","","-10.7","","28.7","","0.0","","","","","","3.4","","","","31","","42",""
"-106.72","52.17","SASKATOON RCS","4057165","2020-04-01","2020","04","01","","-13.2","","-18.8","","-16.0","","34.0","","0.0","","","","","","0.4","","","","30","","40",""
"-106.72","52.17","SASKATOON RCS","4057165","2020-04-02","2020","04","02","","-11.9","","-20.9","","-16.4","","34.4","","0.0","","","","","","0.2","","0","","29","","41",""
"-106.72","52.17","SASKATOON RCS","4057165","2020-04-03","2020","04","03","","-8.0","","-22.1","","-15.0","","33.0","","0.0","","","","","","0.0","","","","","","",""
"-106.72","52.17","SASKATOON RCS","4057165","2020-04-04","2020","04","04","","-8.3","","-18.1","","-13.2","","31.2","","0.0","","","","","","1.4","","","","7","","42",""
"-106.72","52.17","SASKATOON RCS","4057165","2020-04-05","2020","04","05","","-2.9","","-10.6","","-6.8","","24.8","","0.0","","","","","","0.2","","","","","","",""
"-106.72","52.17","SASKATOON RCS","4057165","2020-04-06","2020","04","06","","1.3","","-13.2","","-6.0","","24.0","","0.0","","","","","","6.6","","","","29","","46",""
"-106.72","52.17","SASKATOON RCS","4057165","2020-04-07","2020","04","07","","3.4","","-14.3","","-5.5","","23.5","","0.0","","","","","","0.0","","3","","29","","50",""
"-106.72","52.17","SASKATOON RCS","4057165","2020-04-08","2020","04","08","","-0.3","","-11.0","","-5.6","","23.6","","0.0","","","","","","0.0","","0","","30","","65",""
"-106.72","52.17","SASKATOON RCS","4057165","2020-04-09","2020","04","09","","3.0","","-17.3","","-7.2","","25.2","","0.0","","","","","","0.0","","","","","","",""
"-106.72","52.17","SASKATOON RCS","4057165","2020-04-10","2020","04","10","","4.7","","-3.6","","0.6","","17.4","","0.0","","","","","","0.0","","","","35","","39",""
"-106.72","52.17","SASKATOON RCS","4057165","2020-04-11","2020","04","11","","-2.3","","-10.4","","-6.4","","24.4","","0.0","","","","","","0.0","","","","32","","47",""
"-106.72","52.17","SASKATOON RCS","4057165","2020-04-12","2020","04","12","","-4.7","","-11.8","","-8.3","","26.3","","0.0","","","","","","0.0","","","","31","","43",""
"-106.72","52.17","SASKATOON RCS","4057165","2020-04-13","2020","04","13","","-5.4","","-13.1","","-9.3","","27.3","","0.0","","","","","","0.0","","","","1","","32",""
"-106.72","52.17","SASKATOON RCS","4057165","2020-04-14","2020","04","14","","2.1","","-15.1","","-6.5","","24.5","","0.0","","","","","","0.0","","","","","","",""
"-106.72","52.17","SASKATOON RCS","4057165","2020-04-15","2020","04","15","","-0.3","","-10.2","","-5.3","","23.3","","0.0","","","","","","0.0","","","","34","","33",""
"-106.72","52.17","SASKATOON RCS","4057165","2020-04-16","2020","04","16","","4.4","","-4.6","","-0.1","","18.1","","0.0","","","","","","0.0","","","","","","",""
"-106.72","52.17","SASKATOON RCS","4057165","2020-04-17","2020","04","17","","9.9","","-1.3","","4.3","","13.7","","0.0","","","","","","0.0","","","","31","","37",""
"-106.72","52.17","SASKATOON RCS","4057165","2020-04-18","2020","04","18","","4.4","","-3.0","","0.7","","17.3","","0.0","","","","","","0.0","","","","36","","46",""
"-106.72","52.17","SASKATOON RCS","4057165","2020-04-19","2020","04","19","","13.1","","-3.0","","5.0","","13.0","","0.0","","","","","","0.0","","","","29","","43",""
"-106.72","52.17","SASKATOON RCS","4057165","2020-04-20","2020","04","20","","8.3","","-1.7","","3.3","","14.7","","0.0","","","","","","0.0","","","","32","","33",""
"-106.72","52.17","SASKATOON RCS","4057165","2020-04-21","2020","04","21","","20.9","","-0.7","","10.1","","7.9","","0.0","","","","","","0.0","","","","28","","41",""
"-106.72","52.17","SASKATOON RCS","4057165","2020-04-22","2020","04","22","","16.2","","0.3","","8.3","","9.7","","0.0","","","","","","0.0","","","","29","","49",""
"-106.72","52.17","SASKATOON RCS","4057165","2020-04-23","2020","04","23","","18.6","","-1.8","","8.4","","9.6","","0.0","","","","","","0.0","","","","32","","49",""
"-106.72","52.17","SASKATOON RCS","4057165","2020-04-24","2020","04","24","","14.2","","-1.7","","6.2","","11.8","","0.0","","","","","","0.2","","","","28","","45",""
"-106.72","52.17","SASKATOON RCS","4057165","2020-04-25","2020","04","25","","18.4","","-2.2","","8.1","","9.9","","0.0","","","","","","0.0","","","","14","","47",""
"-106.72","52.17","SASKATOON RCS","4057165","2020-04-26","2020","04","26","","13.5","","1.2","","7.4","","10.6","","0.0","","","","","","1.9","","","","30","","65",""
"-106.72","52.17","SASKATOON RCS","4057165","2020-04-27","2020","04","27","","17.0","","-1.7","","7.7","","10.3","","0.0","","","","","","0.0","","","","8","","37",""
"-106.72","52.17","SASKATOON RCS","4057165","2020-04-28","2020","04","28","","18.7","","2.4","","10.6","","7.4","","0.0","","","","","","0.0","","","","28","","39",""
"-106.72","52.17","SASKATOON RCS","4057165","2020-04-29","2020","04","29","","22.6","","3.5","","13.0","","5.0","","0.0","","","","","","0.0","","","","","","",""
"-106.72","52.17","SASKATOON RCS","4057165","2020-04-30","2020","04","30","","28.3","","6.3","","17.3","","0.7","","0.0","","","","","","0.0","","","","30","","59",""
"-106.72","52.17","SASKATOON RCS","4057165","2020-05-01","2020","05","01","","18.9","","2.1","","10.5","","7.5","","0.0","","","","","","0.0","","","","29","","66",""
"-106.72","52.17","SASKATOON RCS","4057165","2020-05-02","2020","05","02","","17.8","","-2.2","","7.8","","10.2","","0.0","","","","","","0.0","","","","32","","46",""
"-106.72","52.17","SASKATOON RCS","4057165","2020-05-03","2020","05","03","","18.0","","-0.4","","8.8","","9.2","","0.0","","","","","","0.2","","","","10","","44",""
"-106.72","52.17","SASKATOON RCS","4057165","2020-05-04","2020","05","04","","15.3","","5.1","","10.2","","7.8","","0.0","","","","","","1.2","","","","15","","38",""
"-106.72","52.17","SASKATOON RCS","4057165","2020-05-05","2020","05","05","","18.9","","-1.9","","8.5","","9.5","","0.0","","","","","","0.0","","","","","","",""
"-106.72","52.17","SASKATOON RCS","4057165","2020-05-06","2020","05","06","","20.3","","0.9","","10.6","","7.4","","0.0","","","","","","0.0","","","","8","","38",""
"-106.72","52.17","SASKATOON RCS","4057165","2020-05-07","2020","05","07","","18.1","","1.7","","9.9","","8.1","","0.0","","","","","","0.0","","","","","","",""
"-106.72","52.17","SASKATOON RCS","4057165","2020-05-08","2020","05","08","","17.3","","-0.9","","8.2","","9.8","","0.0","","","","","","5.7","","","","36","","56",""
"-106.72","52.17","SASKATOON RCS","4057165","2020-05-09","2020","05","09","","5.9","","-2.1","","1.9","","16.1","","0.0","","","","","","5.6","","","","","","",""
"-106.72","52.17","SASKATOON RCS","4057165","2020-05-10","2020","05","10","","9.7","","-4.2","","2.8","","15.2","","0.0","","","","","","0.0","","","","5","","40",""
"-106.72","52.17","SASKATOON RCS","4057165","2020-05-11","2020","05","11","","10.7","","-4.5","","3.1","","14.9","","0.0","","","","","","0.0","","","","","","",""
"-106.72","52.17","SASKATOON RCS","4057165","2020-05-12","2020","05","12","","14.0","","-2.3","","5.8","","12.2","","0.0","","","","","","0.0","","","","20","","54",""
"-106.72","52.17","SASKATOON RCS","4057165","2020-05-13","2020","05","13","","14.3","","2.0","","8.2","","9.8","","0.0","","","","","","0.0","","","","","","",""
"-106.72","52.17","SASKATOON RCS","4057165","2020-05-14","2020","05","14","","20.1","","-1.6","","9.2","","8.8","","0.0","","","","","","0.0","","","","35","","54",""
"-106.72","52.17","SASKATOON RCS","4057165","2020-05-15","2020","05","15","","13.5","","-5.5","","4.0","","14.0","","0.0","","","","","","0.0","","","","","","",""
"-106.72","52.17","SASKATOON RCS","4057165","2020-05-16","2020","05","16","","25.0","","2.9","","14.0","","4.0","","0.0","","","","","","0.0","","","","22","","55",""
"-106.72","52.17","SASKATOON RCS","4057165","2020-05-17","2020","05","17","","26.6","","11.5","","19.1","","0.0","","1.1","","","","","","0.0","","","","19","","54",""
"-106.72","52.17","SASKATOON RCS","4057165","2020-05-18","2020","05","18","","24.1","","9.5","","16.8","","1.2","","0.0","","","","","","0.0","","","","34","","41",""
"-106.72","52.17","SASKATOON RCS","4057165","2020-05-19","2020","05","19","","25.3","","11.4","","18.3","","0.0","","0.3","","","","","","0.0","","","","3","","39",""
"-106.72","52.17","SASKATOON RCS","4057165","2020-05-20","2020","05","20","","12.5","","8.0","","10.2","","7.8","","0.0","","","","","","21.2","","","","6","","68",""
"-106.72","52.17","SASKATOON RCS","4057165","2020-05-21","2020","05","21","","21.6","","7.9","","14.8","","3.2","","0.0","","","","","","8.2","","","","15","","66",""
"-106.72","52.17","SASKATOON RCS","4057165","2020-05-22","2020","05","22","","20.8","","5.3","","13.1","","4.9","","0.0","","","","","","0.0","","","","23","","59",""
"-106.72","52.17","SASKATOON RCS","4057165","2020-05-23","2020","05","23","","14.7","","4.2","","9.5","","8.5","","0.0","","","","","","0.0","","","","26","","46",""
"-106.72","52.17","SASKATOON RCS","4057165","2020-05-24","2020","05","24","","20.3","","6.0","","13.2","","4.8","","0.0","","","","","","0.0","","","","","","",""
"-106.72","52.17","SASKATOON RCS","4057165","2020-05-25","2020","05","25","","26.1","","8.3","","17.2","","0.8","","0.0","","","","","","0.0","","","","21","","42",""
"-106.72","52.17","SASKATOON RCS","4057165","2020-05-26","2020","05","26","","19.8","","12.1","","16.0","","2.0","","0.0","","","","","","0.0","","","","31","","43",""
"-106.72","52.17","SASKATOON RCS","4057165","2020-05-27","2020","05","27","","17.0","","6.0","","11.5","","6.5","","0.0","","","","","","0.0","","","","28","","69",""
"-106.72","52.17","SASKATOON RCS","4057165","2020-05-28","2020","05","28","","18.5","","4.7","","11.6","","6.4","","0.0","","","","","","0.0","","","","34","","45",""
"-106.72","52.17","SASKATOON RCS","4057165","2020-05-29","2020","05","29","","18.2","","6.5","","12.3","","5.7","","0.0","","","","","","0.0","","","","","","",""
"-106.72","52.17","SASKATOON RCS","4057165","2020-05-30","2020","05","30","","24.6","","6.9","","15.8","","2.2","","0.0","","","","","","0.0","","","","16","","39",""
"-106.72","52.17","SASKATOON RCS","4057165","2020-05-31","2020","05","31","","30.4","","11.7","","21.0","","0.0","","3.0","","","","","","0.0","","","","12","","75",""
"-106.72","52.17","SASKATOON RCS","4057165","2020-06-01","2020","06","01","","25.3","","11.8","","18.5","","0.0","","0.5","","","","","","0.0","","","","24","","95",""
"-106.72","52.17","SASKATOON RCS","4057165","2020-06-02","2020","06","02","","24.7","","8.4","","16.6","","1.4","","0.0","","","","","","0.6","","","","31","","62",""
"-106.72","52.17","SASKATOON RCS","4057165","2020-06-03","2020","06","03","","18.9","","9.4","","14.1","","3.9","","0.0","","","","","","0.0","","","","28","","73",""
"-106.72","52.17","SASKATOON RCS","4057165","2020-06-04","2020","06","04","","16.0","","6.9","","11.5","","6.5","","0.0","","","","","","0.0","","","","29","","50",""
"-106.72","52.17","SASKATOON RCS","4057165","2020-06-05","2020","06","05","","18.4","","5.4","","11.9","","6.1","","0.0","","","","","","0.0","","","","9","","35",""
"-106.72","52.17","SASKATOON RCS","4057165","2020-06-06","2020","06","06","","14.1","","9.6","","11.9","","6.1","","0.0","","","","","","7.7","","","","10","","63",""
"-106.72","52.17","SASKATOON RCS","4057165","2020-06-07","2020","06","07","","15.8","","8.7","","12.2","","5.8","","0.0","","","","","","40.8","","","","9","","55",""
"-106.72","52.17","SASKATOON RCS","4057165","2020-06-08","2020","06","08","","13.6","","6.4","","10.0","","8.0","","0.0","","","","","","0.0","","","","26","","32",""
"-106.72","52.17","SASKATOON RCS","4057165","2020-06-09","2020","06","09","","20.9","","3.9","","12.4","","5.6","","0.0","","","","","","0.0","","","","25","","41",""
"-106.72","52.17","SASKATOON RCS","4057165","2020-06-10","2020","06","10","","23.2","","7.6","","15.4","","2.6","","0.0","","","","","","0.0","","","","30","","60",""
"-106.72","52.17","SASKATOON RCS","4057165","2020-06-11","2020","06","11","","19.2","","5.3","","12.2","","5.8","","0.0","","","","","","0.0","","","","10","","37",""
"-106.72","52.17","SASKATOON RCS","4057165","2020-06-12","2020","06","12","","27.6","","7.6","","17.6","","0.4","","0.0","","","","","","0.0","","","","11","","51",""
"-106.72","52.17","SASKATOON RCS","4057165","2020-06-13","2020","06","13","","29.6","","14.8","","22.2","","0.0","","4.2","","","","","","0.0","","","","13","","68",""
"-106.72","52.17","SASKATOON RCS","4057165","2020-06-14","2020","06","14","","23.3","","13.9","","18.6","","0.0","","0.6","","","","","","2.4","","","","13","","55",""
"-106.72","52.17","SASKATOON RCS","4057165","2020-06-15","2020","06","15","","21.0","","9.9","","15.5","","2.5","","0.0","","","","","","0.8","","","","22","","64",""
"-106.72","52.17","SASKATOON RCS","4057165","2020-06-16","2020","06","16","","24.1","","10.3","","17.2","","0.8","","0.0","","","","","","12.4","","","","","","",""
"-106.72","52.17","SASKATOON RCS","4057165","2020-06-17","2020","06","17","","16.4","","8.0","","12.2","","5.8","","0.0","","","","","","19.0","","","","35","","39",""
"-106.72","52.17","SASKATOON RCS","4057165","2020-06-18","2020","06","18","","16.9","","7.3","","12.1","","5.9","","0.0","","","","","","1.5","","","","35","","39",""
"-106.72","52.17","SASKATOON RCS","4057165","2020-06-19","2020","06","19","","16.4","","7.2","","11.8","","6.2","","0.0","","","","","","0.0","","","","36","","53",""
"-106.72","52.17","SASKATOON RCS","4057165","2020-06-20","2020","06","20","","15.9","","6.6","","11.2","","6.8","","0.0","","","","","","0.0","","","","7","","31",""
"-106.72","52.17","SASKATOON RCS","4057165","2020-06-21","2020","06","21","","18.4","","3.2","","10.8","","7.2","","0.0","","","","","","0.0","","","","","","",""
"-106.72","52.17","SASKATOON RCS","4057165","2020-06-22","2020","06","22","","24.0","","3.7","","13.9","","4.1","","0.0","","","","","","0.0","","","","","","",""
"-106.72","52.17","SASKATOON RCS","4057165","2020-06-23","2020","06","23","","28.0","","12.3","","20.2","","0.0","","2.2","","","","","","0.0","","","","","","",""
"-106.72","52.17","SASKATOON RCS","4057165","2020-06-24","2020","06","24","","25.4","","16.1","","20.7","","0.0","","2.7","","","","","","0.0","","","","24","","31",""
"-106.72","52.17","SASKATOON RCS","4057165","2020-06-25","2020","06","25","","26.7","","14.5","","20.6","","0.0","","2.6","","","","","","3.3","","","","30","","43",""
"-106.72","52.17","SASKATOON RCS","4057165","2020-06-26","2020","06","26","","29.5","","11.2","","20.3","","0.0","","2.3","","","","","","0.2","","","","4","","49",""
"-106.72","52.17","SASKATOON RCS","4057165","2020-06-27","2020","06","27","","20.6","","14.2","","17.4","","0.6","","0.0","","","","","","10.3","","","","","","",""
"-106.72","52.17","SASKATOON RCS","4057165","2020-06-28","2020","06","28","","20.7","","12.4","","16.5","","1.5","","0.0","","","","","","0.0","","","","6","","37",""
"-106.72","52.17","SASKATOON RCS","4057165","2020-06-29","2020","06","29","","20.0","","14.6","","17.3","","0.7","","0.0","","","","","","0.2","","","","4","","36",""
"-106.72","52.17","SASKATOON RCS","4057165","2020-06-30","2020","06","30","","18.7","","13.5","","16.1","","1.9","","0.0","","","","","","7.7","","","","7","","41",""
"-106.72","52.17","SASKATOON RCS","4057165","2020-07-01","2020","07","01","","23.5","","15.3","","19.4","","0.0","","1.4","","","","","","5.8","","","","19","","50",""
"-106.72","52.17","SASKATOON RCS","4057165","2020-07-02","2020","07","02","","22.9","","12.8","","17.9","","0.1","","0.0","","","","","","4.0","","","","22","","43",""
"-106.72","52.17","SASKATOON RCS","4057165","2020-07-03","2020","07","03","","25.4","","11.0","","18.2","","0.0","","0.2","","","","","","0.0","","","","21","","34",""
"-106.72","52.17","SASKATOON RCS","4057165","2020-07-04","2020","07","04","","29.4","","13.6","","21.5","","0.0","","3.5","","","","","","0.0","","","","14","","44",""
"-106.72","52.17","SASKATOON RCS","4057165","2020-07-05","2020","07","05","","24.2","","12.0","","18.1","","0.0","","0.1","","","","","","0.0","","","","28","","43",""
"-106.72","52.17","SASKATOON RCS","4057165","2020-07-06","2020","07","06","","25.0","","9.1","","17.0","","1.0","","0.0","","","","","","0.0","","","","32","","34",""
"-106.72","52.17","SASKATOON RCS","4057165","2020-07-07","2020","07","07","","28.8","","12.8","","20.8","","0.0","","2.8","","","","","","3.6","","","","17","","40",""
"-106.72","52.17","SASKATOON RCS","4057165","2020-07-08","2020","07","08","","20.5","","15.0","","17.7","","0.3","","0.0","","","","","","10.3","","","","20","","57",""
"-106.72","52.17","SASKATOON RCS","4057165","2020-07-09","2020","07","09","","22.8","","13.7","","18.2","","0.0","","0.2","","","","","","0.0","","","","34","","38",""
"-106.72","52.17","SASKATOON RCS","4057165","2020-07-10","2020","07","10","","24.5","","11.4","","18.0","","0.0","","0.0","","","","","","10.3","","","","21","","36",""
"-106.72","52.17","SASKATOON RCS","4057165","2020-07-11","2020","07","11","","25.3","","9.5","","17.4","","0.6","","0.0","","","","","","0.0","","","","","","",""
"-106.72","52.17","SASKATOON RCS","4057165","2020-07-12","2020","07","12","","25.8","","12.3","","19.1","","0.0","","1.1","","","","","","0.2","","","","15","","37",""
"-106.72","52.17","SASKATOON RCS","4057165","2020-07-13","2020","07","13","","20.4","","10.4","","15.4","","2.6","","0.0","","","","","","0.2","","","","29","","70",""
"-106.72","52.17","SASKATOON RCS","4057165","2020-07-14","2020","07","14","","21.0","","10.2","","15.6","","2.4","","0.0","","","","","","2.2","","","","28","","68",""
"-106.72","52.17","SASKATOON RCS","4057165","2020-07-15","2020","07","15","","23.6","","12.9","","18.3","","0.0","","0.3","","","","","","0.0","","","","28","","48",""
"-106.72","52.17","SASKATOON RCS","4057165","2020-07-16","2020","07","16","","25.7","","8.6","","17.2","","0.8","","0.0","","","","","","0.2","","","","","","",""
"-106.72","52.17","SASKATOON RCS","4057165","2020-07-17","2020","07","17","","25.7","","13.3","","19.5","","0.0","","1.5","","","","","","2.9","","","","30","","36",""
"-106.72","52.17","SASKATOON RCS","4057165","2020-07-18","2020","07","18","","22.1","","9.3","","15.7","","2.3","","0.0","","","","","","3.5","","","","28","","50",""
"-106.72","52.17","SASKATOON RCS","4057165","2020-07-19","2020","07","19","","23.2","","9.9","","16.5","","1.5","","0.0","","","","","","0.0","","","","","","",""
"-106.72","52.17","SASKATOON RCS","4057165","2020-07-20","2020","07","20","","23.4","","13.3","","18.3","","0.0","","0.3","","","","","","8.4","","","","","","",""
"-106.72","52.17","SASKATOON RCS","4057165","2020-07-21","2020","07","21","","25.1","","10.6","","17.9","","0.1","","0.0","","","","","","0.3","","","","","","",""
"-106.72","52.17","SASKATOON RCS","4057165","2020-07-22","2020","07","22","","31.0","","14.9","","22.9","","0.0","","4.9","","","","","","0.0","","","","14","","41",""
"-106.72","52.17","SASKATOON RCS","4057165","2020-07-23","2020","07","23","","30.9","","17.9","","24.4","","0.0","","6.4","","","","","","0.0","","","","20","","40",""
"-106.72","52.17","SASKATOON RCS","4057165","2020-07-24","2020","07","24","","25.8","","15.5","","20.6","","0.0","","2.6","","","","","","0.0","","","","28","","34",""
"-106.72","52.17","SASKATOON RCS","4057165","2020-07-25","2020","07","25","","20.0","","11.7","","15.8","","2.2","","0.0","","","","","","0.0","","","","28","","60",""
"-106.72","52.17","SASKATOON RCS","4057165","2020-07-26","2020","07","26","","24.6","","10.6","","17.6","","0.4","","0.0","","","","","","0.0","","","","29","","52",""
"-106.72","52.17","SASKATOON RCS","4057165","2020-07-27","2020","07","27","","27.6","","8.0","","17.8","","0.2","","0.0","","","","","","0.0","","","","29","","35",""
"-106.72","52.17","SASKATOON RCS","4057165","2020-07-28","2020","07","28","","31.6","","11.6","","21.6","","0.0","","3.6","","","","","","0.2","","","","14","","33",""
"-106.72","52.17","SASKATOON RCS","4057165","2020-07-29","2020","07","29","","32.8","","17.3","","25.0","","0.0","","7.0","","","","","","0.0","","","","12","","37",""
"-106.72","52.17","SASKATOON RCS","4057165","2020-07-30","2020","07","30","","32.0","","15.5","","23.8","","0.0","","5.8","","","","","","0.0","","","","35","","34",""
"-106.72","52.17","SASKATOON RCS","4057165","2020-07-31","2020","07","31","","26.7","","13.6","","20.1","","0.0","","2.1","","","","","","0.0","","","","","","",""
"-106.72","52.17","SASKATOON RCS","4057165","2020-08-01","2020","08","01","","28.4","","8.8","","18.6","","0.0","","0.6","","","","","","0.0","","","","11","","34",""
"-106.72","52.17","SASKATOON RCS","4057165","2020-08-02","2020","08","02","","29.0","","11.4","","20.2","","0.0","","2.2","","","","","","0.0","","","","16","","38",""
"-106.72","52.17","SASKATOON RCS","4057165","2020-08-03","2020","08","03","","29.7","","16.5","","23.1","","0.0","","5.1","","","","","","0.0","","","","14","","56",""
"-106.72","52.17","SASKATOON RCS","4057165","2020-08-04","2020","08","04","","27.3","","9.9","","18.6","","0.0","","0.6","","","","","","0.0","","","","33","","44",""
"-106.72","52.17","SASKATOON RCS","4057165","2020-08-05","2020","08","05","","29.6","","6.7","","18.2","","0.0","","0.2","","","","","","0.2","","","","","","",""
"-106.72","52.17","SASKATOON RCS","4057165","2020-08-06","2020","08","06","","34.6","","12.8","","23.7","","0.0","","5.7","","","","","","0.0","","","","20","","45",""
"-106.72","52.17","SASKATOON RCS","4057165","2020-08-07","2020","08","07","","24.9","","12.3","","18.6","","0.0","","0.6","","","","","","0.7","","","","24","","65",""
"-106.72","52.17","SASKATOON RCS","4057165","2020-08-08","2020","08","08","","24.5","","12.0","","18.3","","0.0","","0.3","","","","","","5.4","","","","25","","71",""
"-106.72","52.17","SASKATOON RCS","4057165","2020-08-09","2020","08","09","","21.7","","8.5","","15.1","","2.9","","0.0","","","","","","1.1","","","","27","","67",""
"-106.72","52.17","SASKATOON RCS","4057165","2020-08-10","2020","08","10","","23.2","","7.6","","15.4","","2.6","","0.0","","","","","","0.0","","","","30","","67",""
"-106.72","52.17","SASKATOON RCS","4057165","2020-08-11","2020","08","11","","24.8","","7.8","","16.3","","1.7","","0.0","","","","","","0.0","","","","12","","34",""
"-106.72","52.17","SASKATOON RCS","4057165","2020-08-12","2020","08","12","","26.8","","13.0","","19.9","","0.0","","1.9","","","","","","0.0","","","","10","","59",""
"-106.72","52.17","SASKATOON RCS","4057165","2020-08-13","2020","08","13","","25.1","","4.2","","14.6","","3.4","","0.0","","","","","","0.0","","","","24","","35",""
"-106.72","52.17","SASKATOON RCS","4057165","2020-08-14","2020","08","14","","24.6","","7.9","","16.3","","1.7","","0.0","","","","","","0.2","","","","30","","38",""
"-106.72","52.17","SASKATOON RCS","4057165","2020-08-15","2020","08","15","","24.9","","6.1","","15.5","","2.5","","0.0","","","","","","0.0","","","","31","","47",""
"-106.72","52.17","SASKATOON RCS","4057165","2020-08-16","2020","08","16","","28.2","","7.2","","17.7","","0.3","","0.0","","","","","","0.0","","","","","","",""
"-106.72","52.17","SASKATOON RCS","4057165","2020-08-17","2020","08","17","","35.3","","12.3","","23.8","","0.0","","5.8","","","","","","0.0","","","","29","","45",""
"-106.72","52.17","SASKATOON RCS","4057165","2020-08-18","2020","08","18","","35.3","","10.1","","22.7","","0.0","","4.7","","","","","","0.0","","","","","","",""
"-106.72","52.17","SASKATOON RCS","4057165","2020-08-19","2020","08","19","","32.2","","11.6","","21.9","","0.0","","3.9","","","","","","0.0","","","","32","","35",""
"-106.72","52.17","SASKATOON RCS","4057165","2020-08-20","2020","08","20","","32.0","","15.2","","23.6","","0.0","","5.6","","","","","","0.2","","","","3","","40",""
"-106.72","52.17","SASKATOON RCS","4057165","2020-08-21","2020","08","21","","25.9","","13.0","","19.4","","0.0","","1.4","","","","","","0.0","","","","27","","39",""
"-106.72","52.17","SASKATOON RCS","4057165","2020-08-22","2020","08","22","","31.5","","10.1","","20.8","","0.0","","2.8","","","","","","0.0","","","","30","","57",""
"-106.72","52.17","SASKATOON RCS","4057165","2020-08-23","2020","08","23","","27.7","","7.2","","17.5","","0.5","","0.0","","","","","","0.0","","","","25","","34",""
"-106.72","52.17","SASKATOON RCS","4057165","2020-08-24","2020","08","24","","27.3","","9.1","","18.2","","0.0","","0.2","","","","","","0.0","","","","7","","42",""
"-106.72","52.17","SASKATOON RCS","4057165","2020-08-25","2020","08","25","","24.4","","10.8","","17.6","","0.4","","0.0","","","","","","2.3","","","","12","","45",""
"-106.72","52.17","SASKATOON RCS","4057165","2020-08-26","2020","08","26","","25.0","","6.5","","15.7","","2.3","","0.0","","","","","","0.0","","","","","","",""
"-106.72","52.17","SASKATOON RCS","4057165","2020-08-27","2020","08","27","","20.3","","4.8","","12.5","","5.5","","0.0","","","","","","5.9","","","","35","","41",""
"-106.72","52.17","SASKATOON RCS","4057165","2020-08-28","2020","08","28","","22.3","","6.0","","14.2","","3.8","","0.0","","","","","","0.2","","","","31","","33",""
"-106.72","52.17","SASKATOON RCS","4057165","2020-08-29","2020","08","29","","30.2","","10.3","","20.2","","0.0","","2.2","","","","","","0.0","","","","29","","54",""
"-106.72","52.17","SASKATOON RCS","4057165","2020-08-30","2020","08","30","","15.3","","4.7","","10.0","","8.0","","0.0","","","","","","0.0","","","","28","","51",""
"-106.72","52.17","SASKATOON RCS","4057165","2020-08-31","2020","08","31","","18.8","","3.1","","10.9","","7.1","","0.0","","","","","","0.0","","","","28","","52",""
"-106.72","52.17","SASKATOON RCS","4057165","2020-09-01","2020","09","01","","21.7","","9.0","","15.3","","2.7","","0.0","","","","","","0.0","","","","30","","69",""
"-106.72","52.17","SASKATOON RCS","4057165","2020-09-02","2020","09","02","","16.1","","7.2","","11.6","","6.4","","0.0","","","","","","11.4","","","","33","","61",""
"-106.72","52.17","SASKATOON RCS","4057165","2020-09-03","2020","09","03","","21.3","","3.3","","12.3","","5.7","","0.0","","","","","","0.5","","","","29","","39",""
"-106.72","52.17","SASKATOON RCS","4057165","2020-09-04","2020","09","04","","22.8","","2.0","","12.4","","5.6","","0.0","","","","","","0.0","","","","26","","32",""
"-106.72","52.17","SASKATOON RCS","4057165","2020-09-05","2020","09","05","","27.4","","8.1","","17.7","","0.3","","0.0","","","","","","0.0","","","","34","","47",""
"-106.72","52.17","SASKATOON RCS","4057165","2020-09-06","2020","09","06","","16.9","","2.9","","9.9","","8.1","","0.0","","","","","","0.0","","","","33","","52",""
"-106.72","52.17","SASKATOON RCS","4057165","2020-09-07","2020","09","07","","10.4","","-3.4","","3.5","","14.5","","0.0","","","","","","0.0","","","","2","","44",""
"-106.72","52.17","SASKATOON RCS","4057165","2020-09-08","2020","09","08","","15.3","","-6.9","","4.2","","13.8","","0.0","","","","","","0.0","","","","22","","40",""
"-106.72","52.17","SASKATOON RCS","4057165","2020-09-09","2020","09","09","","19.5","","3.3","","11.4","","6.6","","0.0","","","","","","0.0","","","","","","",""
"-106.72","52.17","SASKATOON RCS","4057165","2020-09-10","2020","09","10","","25.2","","2.4","","13.8","","4.2","","0.0","","","","","","0.0","","","","15","","31",""
"-106.72","52.17","SASKATOON RCS","4057165","2020-09-11","2020","09","11","","31.1","","9.7","","20.4","","0.0","","2.4","","","","","","0.0","","","","27","","50",""
"-106.72","52.17","SASKATOON RCS","4057165","2020-09-12","2020","09","12","","15.2","","0.1","","7.6","","10.4","","0.0","","","","","","0.0","","","","32","","32",""
"-106.72","52.17","SASKATOON RCS","4057165","2020-09-13","2020","09","13","","13.6","","-3.3","","5.2","","12.8","","0.0","","","","","","0.0","","","","","","",""
"-106.72","52.17","SASKATOON RCS","4057165","2020-09-14","2020","09","14","","17.2","","6.2","","11.7","","6.3","","0.0","","","","","","0.0","","","","4","","36",""
"-106.72","52.17","SASKATOON RCS","4057165","2020-09-15","2020","09","15","","12.4","","4.5","","8.4","","9.6","","0.0","","","","","","0.0","","","","30","","37",""
"-106.72","52.17","SASKATOON RCS","4057165","2020-09-16","2020","09","16","","13.8","","-2.9","","5.5","","12.5","","0.0","","","","","","0.0","","","","","","",""
"-106.72","52.17","SASKATOON RCS","4057165","2020-09-17","2020","09","17","","17.0","","4.2","","10.6","","7.4","","0.0","","","","","","0.0","","","","7","","34",""
"-106.72","52.17","SASKATOON RCS","4057165","2020-09-18","2020","09","18","","23.8","","0.2","","12.0","","6.0","","0.0","","","","","","0.2","","","","","","",""
"-106.72","52.17","SASKATOON RCS","4057165","2020-09-19","2020","09","19","","25.7","","9.3","","17.5","","0.5","","0.0","","","","","","0.0","","","","17","","44",""
"-106.72","52.17","SASKATOON RCS","4057165","2020-09-20","2020","09","20","","20.5","","12.6","","16.5","","1.5","","0.0","","","","","","9.9","","","","31","","54",""
"-106.72","52.17","SASKATOON RCS","4057165","2020-09-21","2020","09","21","","22.7","","7.3","","15.0","","3.0","","0.0","","","","","","0.2","","","","29","","34",""
"-106.72","52.17","SASKATOON RCS","4057165","2020-09-22","2020","09","22","","19.8","","6.8","","13.3","","4.7","","0.0","","","","","","0.0","","","","36","","33",""
"-106.72","52.17","SASKATOON RCS","4057165","2020-09-23","2020","09","23","","21.4","","7.7","","14.6","","3.4","","0.0","","","","","","0.0","","","","14","","46",""
"-106.72","52.17","SASKATOON RCS","4057165","2020-09-24","2020","09","24","","24.3","","8.7","","16.5","","1.5","","0.0","","","","","","0.0","","","","25","","64",""
"-106.72","52.17","SASKATOON RCS","4057165","2020-09-25","2020","09","25","","21.7","","3.9","","12.8","","5.2","","0.0","","","","","","0.0","","","","24","","43",""
"-106.72","52.17","SASKATOON RCS","4057165","2020-09-26","2020","09","26","","16.7","","9.1","","12.9","","5.1","","0.0","","","","","","1.0","","","","33","","50",""
"-106.72","52.17","SASKATOON RCS","4057165","2020-09-27","2020","09","27","","15.5","","5.1","","10.3","","7.7","","0.0","","","","","","0.4","","","","29","","51",""
"-106.72","52.17","SASKATOON RCS","4057165","2020-09-28","2020","09","28","","22.5","","0.2","","11.3","","6.7","","0.0","","","","","","0.0","","","","21","","39",""
"-106.72","52.17","SASKATOON RCS","4057165","2020-09-29","2020","09","29","","18.7","","5.9","","12.3","","5.7","","0.0","","","","","","0.0","","","","33","","57",""
"-106.72","52.17","SASKATOON RCS","4057165","2020-09-30","2020","09","30","","12.8","","-3.7","","4.5","","13.5","","0.0","","","","","","0.0","","","","33","","54",""
"-106.72","52.17","SASKATOON RCS","4057165","2020-10-01","2020","10","01","","10.3","","-6.2","","2.1","","15.9","","0.0","","","","","","0.0","","","","","","",""
"-106.72","52.17","SASKATOON RCS","4057165","2020-10-02","2020","10","02","","16.6","","-0.2","","8.2","","9.8","","0.0","","","","","","0.0","","","","","","",""
"-106.72","52.17","SASKATOON RCS","4057165","2020-10-03","2020","10","03","","15.2","","-2.5","","6.4","","11.6","","0.0","","","","","","0.0","","","","17","","32",""
"-106.72","52.17","SASKATOON RCS","4057165","2020-10-04","2020","10","04","","22.4","","6.7","","14.6","","3.4","","0.0","","","","","","0.2","","","","29","","40",""
"-106.72","52.17","SASKATOON RCS","4057165","2020-10-05","2020","10","05","","18.8","","7.2","","13.0","","5.0","","0.0","","","","","","0.0","","","","26","","51",""
"-106.72","52.17","SASKATOON RCS","4057165","2020-10-06","2020","10","06","","","M","","M","","M","","M","","M","","","","","","M","","","","M","","M"
"-106.72","52.17","SASKATOON RCS","4057165","2020-10-07","2020","10","07","","15.6","","-3.9","","5.9","","12.1","","0.0","","","","","","0.0","","","","31","","35",""
"-106.72","52.17","SASKATOON RCS","4057165","2020-10-08","2020","10","08","","21.0","","7.1","","14.0","","4.0","","0.0","","","","","","0.0","","","","18","","56",""
"-106.72","52.17","SASKATOON RCS","4057165","2020-10-09","2020","10","09","","10.6","","1.4","","6.0","","12.0","","0.0","","","","","","0.2","","","","31","","45",""
"-106.72","52.17","SASKATOON RCS","4057165","2020-10-10","2020","10","10","","24.0","","2.7","","13.4","","4.6","","0.0","","","","","","0.0","","","","12","","46",""
"-106.72","52.17","SASKATOON RCS","4057165","2020-10-11","2020","10","11","","17.6","","2.9","","10.2","","7.8","","0.0","","","","","","0.0","","","","29","","66",""
"-106.72","52.17","SASKATOON RCS","4057165","2020-10-12","2020","10","12","","12.1","","-4.4","","3.9","","14.1","","0.0","","","","","","0.0","","","","30","","54",""
"-106.72","52.17","SASKATOON RCS","4057165","2020-10-13","2020","10","13","","10.5","","-1.3","","4.6","","13.4","","0.0","","","","","","0.0","","","","28","","51",""
"-106.72","52.17","SASKATOON RCS","4057165","2020-10-14","2020","10","14","","6.3","","-7.2","","-0.4","","18.4","","0.0","","","","","","0.0","","","","30","","49",""
"-106.72","52.17","SASKATOON RCS","4057165","2020-10-15","2020","10","15","","4.9","","-10.3","","-2.7","","20.7","","0.0","","","","","","0.0","","","","30","","71",""
"-106.72","52.17","SASKATOON RCS","4057165","2020-10-16","2020","10","16","","2.6","","-13.3","","-5.4","","23.4","","0.0","","","","","","0.0","","","","","","",""
"-106.72","52.17","SASKATOON RCS","4057165","2020-10-17","2020","10","17","","-0.8","","-13.8","","-7.3","","25.3","","0.0","","","","","","0.0","","","","32","","47",""
"-106.72","52.17","SASKATOON RCS","4057165","2020-10-18","2020","10","18","","-1.4","","-5.8","","-3.6","","21.6","","0.0","","","","","","0.0","","","","28","","37",""
"-106.72","52.17","SASKATOON RCS","4057165","2020-10-19","2020","10","19","","-1.0","","-7.1","","-4.1","","22.1","","0.0","","","","","","0.0","","","","16","","31",""
"-106.72","52.17","SASKATOON RCS","4057165","2020-10-20","2020","10","20","","-1.8","","-7.3","","-4.5","","22.5","","0.0","","","","","","0.5","","","","30","","32",""
"-106.72","52.17","SASKATOON RCS","4057165","2020-10-21","2020","10","21","","0.4","","-8.5","","-4.0","","22.0","","0.0","","","","","","0.0","","","","","","",""
"-106.72","52.17","SASKATOON RCS","4057165","2020-10-22","2020","10","22","","-2.5","","-13.0","","-7.8","","25.8","","0.0","","","","","","0.0","","","","31","","40",""
"-106.72","52.17","SASKATOON RCS","4057165","2020-10-23","2020","10","23","","-3.3","","-16.7","","-10.0","","28.0","","0.0","","","","","","0.0","","","","","","",""
"-106.72","52.17","SASKATOON RCS","4057165","2020-10-24","2020","10","24","","-4.3","","-8.5","","-6.4","","24.4","","0.0","","","","","","0.0","","","","32","","34",""
"-106.72","52.17","SASKATOON RCS","4057165","2020-10-25","2020","10","25","","-2.3","","-11.4","","-6.8","","24.8","","0.0","","","","","","0.0","","","","27","","36",""
"-106.72","52.17","SASKATOON RCS","4057165","2020-10-26","2020","10","26","","2.9","","-12.6","","-4.9","","22.9","","0.0","","","","","","0.0","","","","30","","32",""
"-106.72","52.17","SASKATOON RCS","4057165","2020-10-27","2020","10","27","","10.8","","-3.1","","3.8","","14.2","","0.0","","","","","","0.6","","","","29","","41",""
"-106.72","52.17","SASKATOON RCS","4057165","2020-10-28","2020","10","28","","2.4","","-5.1","","-1.3","","19.3","","0.0","","","","","","0.2","","","","","","",""
"-106.72","52.17","SASKATOON RCS","4057165","2020-10-29","2020","10","29","","5.5","","-4.5","","0.5","","17.5","","0.0","","","","","","1.8","","","","","","",""
"-106.72","52.17","SASKATOON RCS","4057165","2020-10-30","2020","10","30","","8.1","","-1.4","","3.4","","14.6","","0.0","","","","","","0.0","","","","13","","50",""
"-106.72","52.17","SASKATOON RCS","4057165","2020-10-31","2020","10","31","","-0.3","","-7.1","","-3.7","","21.7","","0.0","","","","","","0.0","","","","31","","64",""
"-106.72","52.17","SASKATOON RCS","4057165","2020-11-01","2020","11","01","","14.2","","-6.0","","4.1","","13.9","","0.0","","","","","","0.0","","","","27","","37",""
"-106.72","52.17","SASKATOON RCS","4057165","2020-11-02","2020","11","02","","14.8","","0.3","","7.5","","10.5","","0.0","","","","","","0.0","","","","21","","33",""
"-106.72","52.17","SASKATOON RCS","4057165","2020-11-03","2020","11","03","","14.2","","-2.2","","6.0","","12.0","","0.0","","","","","","0.0","","","","","","",""
"-106.72","52.17","SASKATOON RCS","4057165","2020-11-04","2020","11","04","","12.3","","-3.5","","4.4","","13.6","","0.0","","","","","","0.0","","","","29","","40",""
"-106.72","52.17","SASKATOON RCS","4057165","2020-11-05","2020","11","05","","","M","","M","","M","","M","","M","","","","","","M","","","","M","","M"
"-106.72","52.17","SASKATOON RCS","4057165","2020-11-06","2020","11","06","","6.4","","-3.9","","1.3","","16.7","","0.0","","","","","","0.0","","","","","","",""
"-106.72","52.17","SASKATOON RCS","4057165","2020-11-07","2020","11","07","","0.1","","-3.8","","-1.9","","19.9","","0.0","","","","","","7.4","","","","8","","49",""
"-106.72","52.17","SASKATOON RCS","4057165","2020-11-08","2020","11","08","","-3.8","","-10.4","","-7.1","","25.1","","0.0","","","","","","5.5","","8","","2","","67",""
"-106.72","52.17","SASKATOON RCS","4057165","2020-11-09","2020","11","09","","-10.3","","-22.3","","-16.3","","34.3","","0.0","","","","","","0.7","","15","","34","","48",""
"-106.72","52.17","SASKATOON RCS","4057165","2020-11-10","2020","11","10","","-7.7","","-15.1","","-11.4","","29.4","","0.0","","","","","","0.0","","14","","","","",""
"-106.72","52.17","SASKATOON RCS","4057165","2020-11-11","2020","11","11","","-5.0","","-25.7","","-15.3","","33.3","","0.0","","","","","","0.7","","10","","35","","54",""
"-106.72","52.17","SASKATOON RCS","4057165","2020-11-12","2020","11","12","","-12.1","","-27.3","","-19.7","","37.7","","0.0","","","","","","0.2","","10","","","","",""
"-106.72","52.17","SASKATOON RCS","4057165","2020-11-13","2020","11","13","","-1.6","","-12.7","","-7.1","","25.1","","0.0","","","","","","0.0","","10","","","","",""
"-106.72","52.17","SASKATOON RCS","4057165","2020-11-14","2020","11","14","","-2.4","","-14.6","","-8.5","","26.5","","0.0","","","","","","1.6","","14","","31","","43",""
"-106.72","52.17","SASKATOON RCS","4057165","2020-11-15","2020","11","15","","-6.5","","-8.6","","-7.5","","25.5","","0.0","","","","","","0.0","","19","","","","",""
"-106.72","52.17","SASKATOON RCS","4057165","2020-11-16","2020","11","16","","-6.7","","-8.0","","-7.4","","25.4","","0.0","","","","","","0.0","","18","","","","",""
"-106.72","52.17","SASKATOON RCS","4057165","2020-11-17","2020","11","17","","-2.3","","-8.1","","-5.2","","23.2","","0.0","","","","","","0.0","","18","","13","","60",""
"-106.72","52.17","SASKATOON RCS","4057165","2020-11-18","2020","11","18","","2.3","","-5.1","","-1.4","","19.4","","0.0","","","","","","0.0","","13","","17","","40",""
"-106.72","52.17","SASKATOON RCS","4057165","2020-11-19","2020","11","19","","-4.4","","-13.3","","-8.9","","26.9","","0.0","","","","","","3.5","","13","","1","","31",""
"-106.72","52.17","SASKATOON RCS","4057165","2020-11-20","2020","11","20","","-11.6","","-18.0","","-14.8","","32.8","","0.0","","","","","","0.0","","19","","","","",""
"-106.72","52.17","SASKATOON RCS","4057165","2020-11-21","2020","11","21","","-9.4","","-21.0","","-15.2","","33.2","","0.0","","","","","","0.2","","18","","","","",""
"-106.72","52.17","SASKATOON RCS","4057165","2020-11-22","2020","11","22","","-10.8","","-18.8","","-14.8","","32.8","","0.0","","","","","","0.0","","17","","13","","39",""
"-106.72","52.17","SASKATOON RCS","4057165","2020-11-23","2020","11","23","","","M","","M","","M","","M","","M","","","","","","M","16","","","M","","M"
"-106.72","52.17","SASKATOON RCS","4057165","2020-11-24","2020","11","24","","-3.5","","-9.1","","-6.3","","24.3","","0.0","","","","","","0.0","","18","","18","","33",""
"-106.72","52.17","SASKATOON RCS","4057165","2020-11-25","2020","11","25","","-0.6","","-10.6","","-5.6","","23.6","","0.0","","","","","","0.0","","18","","31","","44",""
"-106.72","52.17","SASKATOON RCS","4057165","2020-11-26","2020","11","26","","-1.8","","-15.2","","-8.5","","26.5","","0.0","","","","","","0.7","","18","","32","","55",""
"-106.72","52.17","SASKATOON RCS","4057165","2020-11-27","2020","11","27","","-1.7","","-10.6","","-6.2","","24.2","","0.0","","","","","","0.0","","18","","20","","31",""
"-106.72","52.17","SASKATOON RCS","4057165","2020-11-28","2020","11","28","","-1.6","","-12.6","","-7.1","","25.1","","0.0","","","","","","0.0","","18","","2","","43",""
"-106.72","52.17","SASKATOON RCS","4057165","2020-11-29","2020","11","29","","-4.5","","-17.0","","-10.7","","28.7","","0.0","","","","","","0.0","","18","","","","",""
"-106.72","52.17","SASKATOON RCS","4057165","2020-11-30","2020","11","30","","2.0","","-10.4","","-4.2","","22.2","","0.0","","","","","","0.0","","18","","","","",""
"-106.72","52.17","SASKATOON RCS","4057165","2020-12-01","2020","12","01","","2.0","","-11.6","","-4.8","","22.8","","0.0","","","","","","0.0","","18","","30","","49",""
"-106.72","52.17","SASKATOON RCS","4057165","2020-12-02","2020","12","02","","-4.7","","-12.1","","-8.4","","26.4","","0.0","","","","","","0.0","","17","","","","",""
"-106.72","52.17","SASKATOON RCS","4057165","2020-12-03","2020","12","03","","0.5","","-10.6","","-5.1","","23.1","","0.0","","","","","","0.0","","17","","","","",""
"-106.72","52.17","SASKATOON RCS","4057165","2020-12-04","2020","12","04","","1.4","","-9.0","","-3.8","","21.8","","0.0","","","","","","0.0","","17","","","","",""
"-106.72","52.17","SASKATOON RCS","4057165","2020-12-05","2020","12","05","","0.5","","-9.0","","-4.3","","22.3","","0.0","","","","","","0.0","","17","","","","",""
"-106.72","52.17","SASKATOON RCS","4057165","2020-12-06","2020","12","06","","-3.0","","-12.8","","-7.9","","25.9","","0.0","","","","","","0.0","","17","","22","","33",""
"-106.72","52.17","SASKATOON RCS","4057165","2020-12-07","2020","12","07","","1.0","","-11.2","","-5.1","","23.1","","0.0","","","","","","0.0","","18","","22","","31",""
"-106.72","52.17","SASKATOON RCS","4057165","2020-12-08","2020","12","08","","1.5","","-6.9","","-2.7","","20.7","","0.0","","","","","","0.0","","17","","","","",""
"-106.72","52.17","SASKATOON RCS","4057165","2020-12-09","2020","12","09","","-0.3","","-10.0","","-5.2","","23.2","","0.0","","","","","","0.0","","17","","21","","32",""
"-106.72","52.17","SASKATOON RCS","4057165","2020-12-10","2020","12","10","","-5.7","","-15.1","","-10.4","","28.4","","0.0","","","","","","0.2","","19","","","","",""
"-106.72","52.17","SASKATOON RCS","4057165","2020-12-11","2020","12","11","","-4.4","","-10.8","","-7.6","","25.6","","0.0","","","","","","0.0","","19","","","","",""
"-106.72","52.17","SASKATOON RCS","4057165","2020-12-12","2020","12","12","","-4.1","","-13.7","","-8.9","","26.9","","0.0","","","","","","0.0","","19","","31","","45",""
"-106.72","52.17","SASKATOON RCS","4057165","2020-12-13","2020","12","13","","-13.7","","-33.0","","-23.3","","41.3","","0.0","","","","","","0.2","","19","","","M","","M"
"-106.72","52.17","SASKATOON RCS","4057165","2020-12-14","2020","12","14","","-18.1","","-31.9","","-25.0","","43.0","","0.0","","","","","","0.0","","19","","","M","","M"
"-106.72","52.17","SASKATOON RCS","4057165","2020-12-15","2020","12","15","","-12.0","","-21.5","","-16.8","","34.8","","0.0","","","","","","0.2","","19","","","M","","M"
"-106.72","52.17","SASKATOON RCS","4057165","2020-12-16","2020","12","16","","-9.1","","-21.5","","-15.3","","33.3","","0.0","","","","","","0.0","","19","","","","",""
"-106.72","52.17","SASKATOON RCS","4057165","2020-12-17","2020","12","17","","1.1","","-17.9","","-8.4","","26.4","","0.0","","","","","","0.0","","19","","31","","44",""
"-106.72","52.17","SASKATOON RCS","4057165","2020-12-18","2020","12","18","","-12.0","","-24.3","","-18.2","","36.2","","0.0","","","","","","0.2","","19","","31","","41",""
"-106.72","52.17","SASKATOON RCS","4057165","2020-12-19","2020","12","19","","3.8","","-12.2","","-4.2","","22.2","","0.0","","","","","","0.0","","19","","30","","64",""
"-106.72","52.17","SASKATOON RCS","4057165","2020-12-20","2020","12","20","","2.5","","-9.1","","-3.3","","21.3","","0.0","","","","","","0.2","","19","","31","","58",""
"-106.72","52.17","SASKATOON RCS","4057165","2020-12-21","2020","12","21","","0.1","","-8.6","","-4.3","","22.3","","0.0","","","","","","0.0","","19","","","","",""
"-106.72","52.17","SASKATOON RCS","4057165","2020-12-22","2020","12","22","","-6.3","","-15.5","","-10.9","","28.9","","0.0","","","","","","0.5","","19","","4","","44",""
"-106.72","52.17","SASKATOON RCS","4057165","2020-12-23","2020","12","23","","-10.9","","-17.0","","-13.9","","31.9","","0.0","","","","","","0.0","","20","","","","",""
"-106.72","52.17","SASKATOON RCS","4057165","2020-12-24","2020","12","24","","-0.8","","-15.1","","-8.0","","26.0","","0.0","","","","","","0.0","","19","","","","",""
"-106.72","52.17","SASKATOON RCS","4057165","2020-12-25","2020","12","25","","-6.6","","-15.4","","-11.0","","29.0","","0.0","","","","","","0.0","","19","","","","",""
"-106.72","52.17","SASKATOON RCS","4057165","2020-12-26","2020","12","26","","-6.3","","-14.2","","-10.3","","28.3","","0.0","","","","","","0.0","","19","","","","",""
"-106.72","52.17","SASKATOON RCS","4057165","2020-12-27","2020","12","27","","-8.0","","-24.1","","-16.0","","34.0","","0.0","","","","","","0.2","","20","","","","",""
"-106.72","52.17","SASKATOON RCS","4057165","2020-12-28","2020","12","28","","-9.9","","-22.9","","-16.4","","34.4","","0.0","","","","","","0.0","","20","","22","","38",""
"-106.72","52.17","SASKATOON RCS","4057165","2020-12-29","2020","12","29","","-5.5","","-16.6","","-11.0","","29.0","","0.0","","","","","","0.0","","19","","32","","36",""
"-106.72","52.17","SASKATOON RCS","4057165","2020-12-30","2020","12","30","","-11.3","","-20.9","","-16.1","","34.1","","0.0","","","","","","0.0","","19","","","","",""
"-106.72","52.17","SASKATOON RCS","4057165","2020-12-31","2020","12","31","","-13.2","","-21.1","","-17.2","","35.2","","0.0","","","","","","0.0","","19","","","","",""
